filename,date,run,chamber,chamber_hardware,session_start,session_end,plot_label,notes
ch1_07212026A_lau.csv,2026-07-21,A,1,New,18:34:00,19:50:00,"Light, 45°","Pumping only air at end, but water level seemed reasonable. Tap water inner, no ice"
ch2_07212026A_lau.csv,2026-07-21,A,2,Old,18:34:00,19:50:00,Dark,"Pumping only air at end, but water level seemed reasonable. Tap water inner, no ice"
ch1_07212026B_lau.csv,2026-07-21,B,1,New,20:46:00,21:42:00,Dark,"Refer to pictures for water height, a bit open on edge for cover (see picture at 9:33 PM). Light on is start time. Caps put on within about 10 min. Tap water inner, no ice"
ch2_07212026B_lau.csv,2026-07-21,B,2,Old,20:46:00,21:42:00,"Light, 45°","Refer to pictures for water height, a bit open on edge for cover (see picture at 9:33 PM). Light on is start time. Caps put on within about 10 min. Tap water inner, no ice"
ch2_07222026A_lau.csv,2026-07-22,A,2,Old,15:20:00,16:34:00,"Light, 90°","Refer to pictures for water height (12:25). Cap on is start time. Light setup done is 15:27. 15:28 is time ambient was last moved significantly. Six gel packs put into bath at 14:46. Ice added to both water reservoirs at similar time. Ice in top one melted. Ice fell and splashed near ambient at 16:00. DO water, plus non-DO ice"
ch1_07222026A_lau.csv,2026-07-22,A,1,New,15:21:00,16:34:00,Dark,"Refer to pictures for water height (12:25). Cap on is start time. 15:28 is time ambient was last moved significantly. Six gel packs put into bath at 14:46. Ice added to both water reservoirs at similar time. Ice in top one melted. Ice fell and splashed near ambient at 16:00. DO water, plus non-DO ice"
ch1_07222026B_lau.csv,2026-07-22,B,1,New,17:14:00,18:13:00,"Light, 45°","Ice bath was cool, not cold. Packs pretty much all melted. Officially light on at 17:18, but that is right after dark cover was set up. Unfortunately, recording was about 5 min after start time. In terms of purging, did two separate sessions of about 5 min with small fan and 1 min on sensor. DO water, plus non-DO ice"
ch2_07222026B_lau.csv,2026-07-22,B,2,Old,17:12:00,18:13:00,Dark,"Was a bit tippy so put weight on top; forgot to cover peephole till 17:21. Ice bath was cool, not cold. Packs pretty much all melted. Officially light on at 17:18, but that is right after dark cover was set up. Unfortunately, recording was about 5 min after start time. In terms of purging, did a session of about 10 min with small fan and 1 min on sensor. DO water, plus non-DO ice"
ch1_07232026A_lau.csv,2026-07-23,A,1,New,15:24:00,17:08:00,"Light, 45°","10:40 added ice. Up to lip of box for water at around 11:50. Ice in reservoir topped off, but was melted recently after 13:50 at least. Ice in ice bath melted but cold to touch. Enlarged holes for light. Time is cap on (after light on). Added ice to reservoir at 16:06 (other lab). Was melted. Seems like water flow is a lot slower when cold! Confirmed still dripping though. Noticed that laser was being reflected out of the box. Is that an issue? Note to self to have start time be cover time and have a separate light on time. Reservoir tipped a little at end (not sure if during experiment or shortly afterwards), such that the angle would be further from normal. However, Gao Han says that the paper scrambles the angles anyway. DO water, plus non-DO ice and water"
ch2_07232026A_lau.csv,2026-07-23,A,2,Old,15:23:00,17:08:00,"Light, 90°","10:40 added ice. Up to lip of box for water at around 11:50. Ice in reservoir topped off, but was melted recently after 13:50 at least. Ice in ice bath melted but cold to touch. Time is cap on (after light on). Added ice to reservoir at 16:06 (other lab). Was melted. Seems like water flow is a lot slower when cold! Confirmed still dripping though. Noticed that laser was being reflected out of the box. Is that an issue? Note to self to have start time be cover time and have a separate light on time. DO water, plus non-DO ice and water"
ch1_07232026B_lau.csv,2026-07-23,B,1,New,19:25:00,21:35:00,Dark,"Had a spill accident; hence, the delay. There is water behind the mirror from the spill, but that should have little relevance in this trial given it is a dark trial. Relevant treatment is at 19:21 had done 5 min purges for both cells and wiped down. Ice water was apparently stable, as it was at 19:32 when I topped off. Topped off upper reservoir at 20:19 and 20:31, at which points it was melted. The two were together for about 1.5 hr and they still did not resolve to the same temperature or humidity. DO water, plus non-DO ice and water"
ch2_07232026B_lau.csv,2026-07-23,B,2,Old,19:27:00,21:35:00,"Light, 90°","Light on at 19:28. Longer history because did not spill. 17:19 added ice on everything. 5 min fan treatment plus 2 min total for sensor. 17:56 wipe down. 18:23 added ice and mixed (reservoirs melted). [Chamber topple on other side.] Then 19:21 had done 5 min purges for both cells and wiped down. Ice water was apparently stable, as it was at 19:32 when I topped off. Topped off upper reservoir at 20:19 and 20:31, at which points it was melted. Sensor 2 seems to read high. The two were together for about 1.5 hr and they still did not resolve to the same temperature or humidity. DO water, plus non-DO ice and water"
ch2_07232026C_lau.csv,2026-07-23,C,2,Old,22:35:00,00:46:00,Dark,"At least 5 min to stabilize sensors, but still not perfect correlation between two sensors. 5 min fan (if I remember correctly), then wipe. The order would be fan in ch1, then ch2, then wipe both. Setup done at 22:46. Ran out of ice in reservoir top but refilled at 0:09 (7/24/2026). A bit tippy. Probably mainly tap water, with lots of condensate."
ch1_07232026C_lau.csv,2026-07-23,C,1,New,22:39:00,00:46:00,"Light, 45°","At least 5 min to stabilize sensors, but still not perfect correlation between two sensors. 5 min fan (if I remember correctly), then wipe. The order would be fan in ch1, then ch2, then wipe both. Had to balance badly, but used transparent box, then black paper, then weight on top of box, with light on the right place. Light on 22:41. Setup done on 22:46. Ran out of ice in reservoir top but refilled at 0:09 (7/24/2026). Probably mainly tap water, with lots of condensate."
ch1_07242026A_lau.csv,2026-07-24,A,1,New,12:40:00,15:36:00,Dark,"Ice at 12:00. Mix at 12:16. Had to refill lower reservoir only. No purging because was first of the day (after fixing yesterday's issues). Trial started with ice pretty much stable. Ice was constant with adding for at least 30 min. Final setup time 12:42. Sensors read very similarly at start time. Sensors had been at same place since 1:00 in the morning. Topped off existing ice at 12:58 in reservoirs. 14:45 top off ice and water in reservoirs. Water had run out in upper reservoir below overflow line, but not below drain line, so only water pressure was insufficient, but may have been flowing in the chambers. All ice melted but ice packs still had some hardness near end of experiment. DO water, plus non-DO ice and water"
ch2_07242026A_lau.csv,2026-07-24,A,2,Old,12:40:00,15:36:00,Dark,"Ice at 12:00. Mix at 12:16. Had to refill lower reservoir only. No purging because was first of the day. Trial started with ice pretty much stable. Ice was constant with adding for at least 30 min (ice bath). A bit of reading error because stopped recording (unplugged), so I fixed within about 5 min. May be data loss. Final setup time 12:42. Sensors read very similarly at start time. Sensors had been at same place since 1:00 in the morning. Topped off existing ice at 12:58 in reservoirs. 14:45 top off ice and water in reservoirs. Water had run out in upper reservoir below overflow line, but not below drain line, so only water pressure was insufficient, but may have been flowing in the chambers. All ice melted but ice packs still had some hardness near end of experiment. DO water, plus non-DO ice and water"
ch1_07242026B_lau.csv,2026-07-24,B,1,New,16:23:00,18:48:00,"Light, 45°","16:12 wiped both boxes after having one (?) five-minute purge for Chamber 2 and two (?) five minute-purges for Chamber 1. Added ice right before trial in the ice bath, but seemed like ice packs were hard (rather recent check, not at moment of trial start). Rerun of previous trial. Final setup by 16:28. Light on at 16:24. Lifted black cover slightly at 16:53 to make sure laser was not changed from the bumping. Cave-in, light bump, and fix at 17:02. 17:47 water level below overflow in upper reservoir; ice out in upper reservoir; refilled and reiced. 18:48 or so left for dinner, returned at 19:40 to no water in lower reservoir, low level in upper reservoir, ice in lower but not in upper. Consider trial to have ended around 18:48 before dinner. 19:45 added water and ice. Ice packs have melted by around 19:55 or so. Tap water/ice primarily"
ch2_07242026B_lau.csv,2026-07-24,B,2,Old,16:23:00,18:48:00,Dark,"16:12 wiped both boxes after having one (?) five-minute purge for Chamber 2 and two (?) five minute-purges for Chamber 1. Added ice right before trial in the ice bath, but seemed like ice packs were hard (rather recent check, not at moment of trial start). Rerun of previous trial. Final setup by 16:28. 18:48 or so left for dinner, returned at 19:40 to no water in lower reservoir, low level in upper reservoir, ice in lower but not in upper. Consider trial to have ended around 18:48 before dinner. 19:45 added water and ice. Ice packs have melted by around 19:55 or so. Tap water/ice primarily"
ch1_07242026C_lau.csv,2026-07-24,C,1,New,21:11:00,23:15:00,Dark,"19:45 added water and ice. Ice packs have melted by around 19:55 or so. Two alternating five-min purges, followed by wipe-down within five min or so after all four runs in the order (1, 2). Shook sensors for chambers together and let sit for 10 min. Did not shake ambient, but also moved at 21:00 to new location to stabilize together, far from water pump area. Chamber sensors stabilized to within 0.1 ℃, but not ambient. Refilled decreasing ice in ice bath right before final setup at 21:15. Also, topped off ice in reservoirs before leaving for gym at 21:22. At 22:43, water level was below overflow but above chamber level (I think?). Room temp water was used to refill. Ice was is in the lower reservoir but not the upper as of 22:43 and 23:22. End time arbitrary 2 hours. Tap water/ice primarily"
ch2_07242026C_lau.csv,2026-07-24,C,2,Old,21:11:00,23:15:00,"Light, 90°","Light on 21:11. 19:45 added water and ice. Ice packs have melted by around 19:55 or so. Two alternating five-min purges, followed by wipe-down within five min or so after all four runs in the order (1, 2). Shook sensors for chambers together and let sit for 10 min. Did not shake ambient, but also moved at 21:00 to new location to stabilize together, far from water pump area. Chamber sensors stabilized to within 0.1 ℃, but not ambient. Refilled decreasing ice in ice bath right before final setup at 21:15. Also, topped off ice in reservoirs before leaving for gym at 21:22. At 22:43, water level was below overflow but above chamber level (I think?). Room temp water was used to refill. Ice was is in the lower reservoir but not the upper as of 22:43 and 23:22. End time arbitrary 2 hours. Tap water/ice primarily"
ch1_07272026A_lau.csv,2026-07-27,A,1,New,12:10:00,14:10:00,Dark,"12:04 wipe, add ice (to existing in all), mix; ice was steady from 11:26 to 11:56. 13:27 water flowing and ice in both reservoirs (to the best of my memory); 14:03 refilled water in lower reservoir, upper reservoir level still being close to outlet level. Ice remaining in both. Ice in lower reservoir, but not upper, and water below outlet in upper at around 15:45. Ice in bath remained throughout entire study even till around 15:45 when I returned from visa place. DO water, plus non-DO ice and water"
ch2_07272026A_lau.csv,2026-07-27,A,2,Old,12:09:00,14:09:00,"Light, 45°","Light on same minute as cap on. 12:04 wipe, add ice (to existing in all), mix; ice was steady from 11:26 to 11:56. 13:27 water flowing and ice in both reservoirs (to the best of my memory); 14:03 refilled water in lower reservoir, upper reservoir level still being close to outlet level. Ice remaining in both. Ice in lower reservoir, but not upper, and water below outlet in upper at around 15:45. Ice in bath remained throughout entire study even till around 15:45 when I returned from visa place. DO water, plus non-DO ice and water"
ch1_07272026B_lau.csv,2026-07-27,B,1,New,17:26:00,19:32:00,"Light, 90°","16:15 finished ice delivery (ice bath remained iced at all times from previous trial, even without adding till around 15:45. 16:22 moved all sensors to away from pump. 10 min of purge (1 then 2), finished just around 16:23. Letting sensors idle while I eat lunch. Came back at 16:56 and still at 78.5 and 76.4 for RH. Temp was the same, within 0.1 degrees; ice stable. 17:10 moved all sensors again. 17:21 two wipes each for Ch1 then Ch2. 17:33 topped off ice in reservoirs. At start of experiment, lower one was running low on water though still flowing at top. Both had ice, as did the ice bath. Ice refill for reservoirs at 18:49 (there was still ice). Laser for Ch1 got dipped briefly in water during setup. No observed adverse result. Took IR images. Ice maintained throughout experiment. Ice/water from tap plus DO (probable, but not guaranteed that DO used)"
ch2_07272026B_lau.csv,2026-07-27,B,2,Old,17:26:00,19:32:00,"Light, 45°","16:15 finished ice delivery (ice bath remained iced at all times from previous trial, even without adding till around 15:45. 16:22 moved all sensors to away from pump. 10 min of purge (1 then 2), finished just around 16:23. Letting sensors idle while I eat lunch. Came back at 16:56 and still at 78.5 and 76.4 for RH. Temp was the same, within 0.1 degrees; ice stable. 17:10 moved all sensors again. 17:21 two wipes each for Ch1 then Ch2. 17:33 topped off ice in reservoirs. At start of experiment, lower one was running low on water though still flowing at top. Both had ice, as did the ice bath. Ice refill for reservoirs at 18:49 (there was still ice). Laser for Ch1 got dipped briefly in water during setup. No observed adverse result. Took IR images. Ice maintained throughout experiment. Ice/water from tap plus DO (probable, but not guaranteed that DO used)"
ch1_07272026C_lau.csv,2026-07-27,C,1,New,21:04:00,23:11:00,Dark,"Ice maintained from previous experiment. 19:43 started purge >~10 min on Ch1. 19:55 purge Ch2. Water seems cleaner today, less yellow. Sensors moved to same location at 19:47. Ice refill at 19:54 (top off, not fix). Topped off ice at 20:54. Still ice in all locations. Wiped down all by 20:58. Ch2 twice, then with second paper, wiped Ch1 once, then new paper on Ch1 again. Some discrepancy with sensors despite being all in same place since 19:57 to 21:03, with maybe some movement. Ice top off and mix at 21:06. Topped off upper reservoir at 21:53. Topped off at 23:01 on both reservoirs. Official end time is 23:12. New started after old. Ice/water from tap plus DO (probable, but not guaranteed that DO used)"
ch2_07272026C_lau.csv,2026-07-27,C,2,Old,21:04:00,23:11:00,Dark,"Ice maintained from previous experiment. 19:43 started purge >~10 min on Ch1. 19:55 purge Ch2. Water seems cleaner today, less yellow. Sensors moved to same location at 19:47. Ice refill at 19:54 (top off, not fix). Topped off ice at 20:54. Still ice in all locations. Wiped down all by 20:58. Ch2 twice, then with second paper, wiped Ch1 once, then new paper on Ch1 again. Some discrepancy with sensors despite being all in same place since 19:57 to 21:03, with maybe some movement. Ice top off and mix at 21:06. Topped off upper reservoir at 21:53. Topped off at 23:01 on both reservoirs. Official end time is 23:12. New started after old. Ice/water from tap plus DO (probable, but not guaranteed that DO used)"
ch1_07282026A_lau.csv,2026-07-28,A,1,New,12:27:00,14:27:00,"Light, 90°","Ice packs in bath around 10:30. 11:08 iced everything. Topped off ice at 11:42. 12:10 to 12:13 wipe Ch2 then Ch1. 12:17 rewiped in same order. Sensors together moved at 12:20. Light on at 12:28. Final setup by 12:36, before which was ice bath top off and after which was reservoir ice top off plus lower water refill. Accidentally touched ambient sensor during sensor setup. Refilled reservoir water in lower (not empty, just lower). Refilled water and ice at 14:03; seemed like lower reservoir was getting empty, but (perhaps with jiggle) the pump was still flowing. Bumped light around 13:12 and perhaps around 14:04. Light seemed fine. Did IR imaging. DO water, plus non-DO ice and water"
ch2_07282026A_lau.csv,2026-07-28,A,2,Old,12:27:00,14:27:00,"Light, 45°","Ice packs in bath around 10:30. 11:08 iced everything. Topped off ice at 11:42. 12:10 to 12:13 wipe Ch2 then Ch1. 12:17 rewiped in same order. Sensors together moved at 12:20. Light on at 12:28. Final setup by 12:36, before which was ice bath top off and after which was reservoir ice top off plus lower water refill. Accidentally touched ambient sensor during sensor setup. Refilled reservoir water in lower (not empty, just lower). Refilled water and ice at 14:03; seemed like lower reservoir was getting empty, but (perhaps with jiggle) the pump was still flowing. Bumped light around 13:12 and perhaps around 14:04. Light seemed fine. Did IR imaging. DO water, plus non-DO ice and water"
ch1_07282026B_lau.csv,2026-07-28,B,1,New,15:26:00,17:33:00,Dark,"Ice add/mix at 14:49. Afterwards, purging 10 min in Ch1, then 10 min in Ch2, finishing by 15:04. Then sit for 10 min at 15:15. 15:24 finished wiping first Ch1, then Ch2 (double wipe). Sensors moved to desk/setup just before experimental start. All setup done at 15:32. Had to add some room temp water and mix because of ice availability. 15:56 running out of ice on lower (and upper reservoir); did not refill till 16:42 because of ice availability. 16:42 refilled ice in both reservoirs (all ice gone). Bumped laser at about the same time. 17:16 upper reservoir ice top off. Took IR images. Ice bath continuous, though not iced always in reservoir. DO water, plus non-DO ice and water"
ch2_07282026B_lau.csv,2026-07-28,B,2,Old,15:27:00,17:33:00,"Light, 45°","Light on at 15:26. Might have had some moisture on inside of cover or briefly touched sensor to lip. Ice add/mix at 14:49. Afterwards, purging 10 min in Ch1, then 10 min in Ch2, finishing by 15:04. Then sit for 10 min at 15:15. 15:24 finished wiping first Ch1, then Ch2 (double wipe). Sensors moved to desk/setup just before experimental start. All setup done at 15:32. Had to add some room temp water and mix because of ice availability. 15:56 running out of ice on lower (and upper reservoir); did not refill till 16:42 because of ice availability. 16:42 refilled ice in both reservoirs (all ice gone). Bumped laser at about the same time. 17:16 upper reservoir ice top off. Took IR images. Ice bath continuous, though not iced always in reservoir. DO water, plus non-DO ice and water"
ch1_07282026C_lau.csv,2026-07-28,C,1,New,19:19:00,21:30:00,"Light, 90°","Light on 19:20. Ice bath and reservoirs continuous from previous. 10-min purge Ch2 then Ch1, starting latter around 17:56. 18:06 ended purging all. 18:49 refilled water in lower reservoir, was still sort of flowing, but pretty low. By 19:15 double-wiped Ch2 then Ch1. Went back to Ch2 a bit. Topped off ice before setup final. Added ice to upper reservoir (was close to running out) right after setup. Setup was 19:23. Moved all sensors right around setup; had been sitting there for about 1.5 hours. Ice and water maintained throughout. Light off, pump off at 21:35. Letting sit overnight. Ice/water from tap plus DO (probable, but not guaranteed that DO used)"
ch2_07282026C_lau.csv,2026-07-28,C,2,Old,19:18:00,21:30:00,Dark,"Ice bath and reservoirs continuous from previous. 10-min purge Ch2 then Ch1, starting latter around 17:56. 18:06 ended purging all. 18:49 refilled water in lower reservoir, was still sort of flowing, but pretty low. By 19:15 double-wiped Ch2 then Ch1. Went back to Ch2 a bit. Topped off ice before setup final. Added ice to upper reservoir (was close to running out) right after setup. Setup was 19:23. Moved all sensors right around setup; had been sitting there for about 1.5 hours. Ice and water maintained throughout. Light off, pump off at 21:35. Letting sit overnight. Ice/water from tap plus DO (probable, but not guaranteed that DO used)"